City_ID,City,Country,Date,Lat,Lng,Max Temp,Humidity,Cloudiness,Wind Speed
0,Avarua,CK,2022-03-09 09:00:50,-21.2078,-159.775,27.03,83,20,4.12
1,Cherskiy,RU,2022-03-09 09:00:50,68.75,161.3,-14.55,82,99,2.46
2,Cape Town,ZA,2022-03-09 09:00:51,-33.9258,18.4232,30.06,47,0,3.6
3,Torbay,CA,2022-03-09 09:00:51,47.6666,-52.7314,-1.35,73,94,14.31
4,Caravelas,BR,2022-03-09 09:00:52,-17.7125,-39.2481,22.17,94,93,1.71
5,Rikitea,PF,2022-03-09 09:00:52,-23.1203,-134.9692,25.93,72,35,3.82
6,Busselton,AU,2022-03-09 09:00:53,-33.65,115.3333,32.27,41,100,4.63
7,Vaini,TO,2022-03-09 09:00:53,-21.2,-175.2,26.04,81,46,6.17
8,Provideniya,RU,2022-03-09 09:00:54,64.3833,-173.3,-10.69,77,1,4.83
9,Khorixas,NA,2022-03-09 09:00:54,-20.3667,14.9667,29.28,26,0,3.4
10,Khor,RU,2022-03-09 09:00:54,47.8861,134.9464,-2.33,94,100,2.33
11,Kodiak,US,2022-03-09 09:00:55,57.79,-152.4072,4.73,93,100,1.54
12,Urgut,UZ,2022-03-09 09:00:55,39.4022,67.2431,8.79,91,100,5.91
13,Dhidhdhoo,MV,2022-03-09 09:00:56,6.8833,73.1,28.05,72,41,3.69
14,Lebu,CL,2022-03-09 09:00:56,-37.6167,-73.65,12.18,77,65,6.2
15,Panaba,MX,2022-03-09 09:00:57,21.2833,-88.2667,21.93,97,6,3.01
16,Kurchum,KZ,2022-03-09 09:00:57,48.5722,83.6542,-2.94,79,22,0.99
17,Hasaki,JP,2022-03-09 09:00:58,35.7333,140.8333,8.22,52,54,5.35
18,Jambi,ID,2022-03-09 09:00:59,-1.6,103.6167,29.38,78,99,0.9
19,Rundu,NA,2022-03-09 09:00:59,-17.9333,19.7667,26.47,56,16,3.6
20,Riyadh,SA,2022-03-09 08:59:26,24.6877,46.7219,26.08,14,7,7.48
21,Harbour Breton,CA,2022-03-09 09:01:00,47.4833,-55.7983,-3.01,69,58,14.02
22,Yichang,CN,2022-03-09 09:01:01,30.7144,111.2847,22.24,46,0,2.51
23,Santa Cruz,BO,2022-03-09 09:01:01,-17.8,-63.1667,20.19,99,89,1.82
24,Mataura,NZ,2022-03-09 09:01:02,-46.1927,168.8643,15.27,86,100,1.42
25,Saint George,US,2022-03-09 09:00:11,37.1041,-113.5841,8.08,41,5,1.42
26,Punta Arenas,CL,2022-03-09 09:01:02,-53.15,-70.9167,7.23,76,89,6.76
27,Mahanoro,MG,2022-03-09 09:01:03,-19.9,48.8,27.93,79,100,2.28
28,Ushuaia,AR,2022-03-09 08:58:45,-54.8,-68.3,5.81,87,100,9.77
29,Douglas,US,2022-03-09 08:57:11,41.3,-96.167,-3.12,78,0,5.14
30,Port Alfred,ZA,2022-03-09 09:01:04,-33.5906,26.891,25.58,65,55,8.66
31,Rawson,AR,2022-03-09 09:01:01,-43.3002,-65.1023,13.44,40,2,13.99
32,Viesca,MX,2022-03-09 09:01:05,25.35,-102.8,13.88,28,1,0.89
33,Jamestown,US,2022-03-09 08:58:55,42.097,-79.2353,-1.27,48,100,0.89
34,Carnarvon,AU,2022-03-09 09:01:05,-24.8667,113.6333,32.91,45,0,7.73
35,Khatanga,RU,2022-03-09 09:01:06,71.9667,102.5,-15.69,86,100,5.09
36,Manacapuru,BR,2022-03-09 08:59:14,-3.2997,-60.6206,23.32,91,100,0.86
37,Kavieng,PG,2022-03-09 09:01:06,-2.5744,150.7967,27.57,76,100,2.37
38,Hermanus,ZA,2022-03-09 09:01:07,-34.4187,19.2345,29.94,69,36,3.25
39,Quesnel,CA,2022-03-09 09:01:07,52.9999,-122.5029,-6.93,89,5,1.46
40,Wahiawa,US,2022-03-09 09:01:08,21.5028,-158.0236,21.93,79,4,1.9
41,Coffeyville,US,2022-03-09 09:01:09,37.0373,-95.6164,-0.05,80,40,0.0
42,Nikolskoye,RU,2022-03-09 09:01:09,59.7035,30.7861,-7.06,81,10,1.52
43,Codrington,AU,2022-03-09 09:01:09,-38.2667,141.9667,15.43,68,4,6.33
44,Douala,CM,2022-03-09 08:51:57,4.0483,9.7043,27.95,94,75,1.54
45,Kapaa,US,2022-03-09 09:01:10,22.0752,-159.319,21.18,72,20,2.06
46,Albany,US,2022-03-09 09:01:10,42.6001,-73.9662,-2.05,75,100,1.27
47,Bengkulu,ID,2022-03-09 09:01:11,-3.8004,102.2655,29.27,64,82,2.51
48,Yellowknife,CA,2022-03-09 09:01:11,62.456,-114.3525,-28.38,100,96,2.59
49,Saskylakh,RU,2022-03-09 09:01:12,71.9167,114.0833,-28.92,100,35,1.74
50,Keith,GB,2022-03-09 09:01:12,57.5363,-2.9481,8.43,74,100,10.05
51,Bredasdorp,ZA,2022-03-09 09:01:13,-34.5322,20.0403,26.82,48,3,0.33
52,Saint-Philippe,RE,2022-03-09 09:01:13,-21.3585,55.7679,30.77,79,51,3.91
53,Butaritari,KI,2022-03-09 09:01:14,3.0707,172.7902,27.27,79,100,7.4
54,Victoria,HK,2022-03-09 08:57:40,22.2855,114.1577,22.96,44,0,0.45
55,Upernavik,GL,2022-03-09 09:01:14,72.7868,-56.1549,-27.75,78,13,0.76
56,Kyra,RU,2022-03-09 09:01:14,49.5776,111.9753,1.49,61,3,9.36
57,Oudtshoorn,ZA,2022-03-09 09:01:15,-33.5907,22.2014,27.2,36,0,3.67
58,Tiksi,RU,2022-03-09 09:01:15,71.6872,128.8694,-31.56,100,80,1.04
59,Dingle,PH,2022-03-09 09:01:16,10.9995,122.6711,26.53,85,94,6.7
60,Mar Del Plata,AR,2022-03-09 08:58:56,-38.0023,-57.5575,15.01,88,0,3.09
61,Hilo,US,2022-03-09 09:00:13,19.7297,-155.09,21.81,92,80,0.89
62,Loukhi,RU,2022-03-09 09:01:17,66.0764,33.0381,-4.32,88,13,3.62
63,Castro,BR,2022-03-09 09:01:17,-24.7911,-50.0119,18.42,97,100,2.59
64,Poya,NC,2022-03-09 09:01:18,-21.35,165.15,26.91,79,43,2.93
65,Lompoc,US,2022-03-09 09:01:18,34.6391,-120.4579,10.87,97,100,3.09
66,Kaitangata,NZ,2022-03-09 09:01:19,-46.2817,169.8464,12.97,93,100,3.72
67,Acarau,BR,2022-03-09 09:01:19,-2.8856,-40.12,24.95,88,80,4.09
68,Klaksvik,FO,2022-03-09 09:01:19,62.2266,-6.589,5.51,91,100,17.57
69,Murud,IN,2022-03-09 09:01:20,18.3258,72.965,31.1,47,1,5.86
70,Bogashevo,RU,2022-03-09 09:01:20,56.3683,85.1447,-12.09,52,0,6.0
71,El Viejo,NI,2022-03-09 09:01:21,12.6633,-87.1672,23.82,80,5,1.18
72,Bluff,NZ,2022-03-09 09:01:21,-46.6,168.3333,15.45,87,100,4.62
73,Buala,SB,2022-03-09 09:01:22,-8.145,159.5921,27.04,80,94,1.21
74,Port Macquarie,AU,2022-03-09 09:01:22,-31.4333,152.9167,21.0,75,72,7.98
75,Esperance,AU,2022-03-09 09:00:29,-33.8667,121.9,25.91,59,100,10.19
76,New Norfolk,AU,2022-03-09 09:01:23,-42.7826,147.0587,14.72,54,6,0.45
77,Itoman,JP,2022-03-09 09:01:23,26.1247,127.6694,19.01,52,20,6.17
78,Faanui,PF,2022-03-09 09:01:24,-16.4833,-151.75,27.37,73,100,5.31
79,Solnechnyy,RU,2022-03-09 09:01:24,50.7214,136.6319,-6.49,97,80,2.41
80,Matay,EG,2022-03-09 09:01:25,28.419,30.7792,21.64,42,0,8.79
81,Atuona,PF,2022-03-09 09:01:26,-9.8,-139.0333,25.85,80,27,7.47
82,Lugoba,TZ,2022-03-09 09:01:26,-6.45,38.3333,32.75,46,100,2.8
83,Rosarito,MX,2022-03-09 09:01:26,32.3333,-117.0333,11.73,51,0,1.44
84,Iqaluit,CA,2022-03-09 09:01:20,63.7506,-68.5145,-27.15,76,40,5.14
85,Tura,IN,2022-03-09 09:01:27,25.5198,90.2201,32.48,16,0,3.29
86,Mahebourg,MU,2022-03-09 09:01:28,-20.4081,57.7,30.14,77,34,4.43
87,Kaeo,NZ,2022-03-09 09:01:28,-35.1,173.7833,19.62,81,37,4.12
88,Lorengau,PG,2022-03-09 09:01:29,-2.0226,147.2712,25.0,86,100,1.66
89,Inyonga,TZ,2022-03-09 09:01:29,-6.7167,32.0667,27.18,63,100,0.56
90,Mnogovershinnyy,RU,2022-03-09 09:01:30,53.9353,139.9242,-13.37,87,13,1.29
91,Sorong,ID,2022-03-09 09:01:30,-0.8833,131.25,28.77,73,73,2.17
92,Elat,IL,2022-03-09 09:01:30,29.5581,34.9482,19.91,49,0,3.6
93,Gidole,ET,2022-03-09 09:01:31,5.65,37.3667,25.9,23,78,0.78
94,Thibodaux,US,2022-03-09 09:01:31,29.7958,-90.8229,12.99,91,100,2.68
95,Portland,US,2022-03-09 08:56:45,45.5234,-122.6762,7.69,92,100,0.45
96,Cayenne,GF,2022-03-09 09:01:32,4.9333,-52.3333,25.05,86,75,2.57
97,Norman Wells,CA,2022-03-09 09:01:32,65.282,-126.8329,-17.61,96,100,1.87
98,Antalaha,MG,2022-03-09 09:01:33,-14.9003,50.2788,28.0,74,100,1.9
99,Kamenka,RU,2022-03-09 09:01:33,51.3223,42.7678,-6.25,90,99,6.05
100,Qaanaaq,GL,2022-03-09 09:01:34,77.484,-69.3632,-21.89,61,13,4.07
101,Cidreira,BR,2022-03-09 09:01:34,-30.1811,-50.2056,24.05,79,100,5.48
102,Broome,US,2022-03-09 09:01:34,42.2506,-75.833,-1.12,71,100,0.89
103,Puerto Ayora,EC,2022-03-09 09:01:35,-0.7393,-90.3518,22.53,100,25,0.89
104,Broken Hill,AU,2022-03-09 09:01:35,-31.95,141.4333,23.57,32,0,6.58
105,Bandarbeyla,SO,2022-03-09 09:01:36,9.4942,50.8122,27.02,56,89,5.18
106,Merke,KZ,2022-03-09 09:01:36,42.8728,73.1786,8.56,77,100,1.64
107,Vao,NC,2022-03-09 09:01:36,-22.6667,167.4833,26.5,74,4,3.14
108,Cap Malheureux,MU,2022-03-09 09:01:37,-19.9842,57.6142,30.26,75,33,4.47
109,Buckeye,US,2022-03-09 09:00:00,33.3703,-112.5838,12.13,31,0,0.9
110,Tuatapere,NZ,2022-03-09 09:01:38,-46.1333,167.6833,15.46,93,100,0.94
111,Wajir,KE,2022-03-09 09:01:38,1.7471,40.0573,34.12,32,75,5.2
112,Eureka,US,2022-03-09 08:57:39,40.8021,-124.1637,5.88,85,20,1.71
113,Beirut,LB,2022-03-09 09:00:00,33.8889,35.4944,14.41,67,75,6.69
114,Jeronimo Monteiro,BR,2022-03-09 09:01:39,-20.7894,-41.395,19.73,95,0,0.91
115,Luderitz,NA,2022-03-09 09:01:39,-26.6481,15.1594,22.56,69,15,5.91
116,Georgetown,MY,2022-03-09 08:57:13,5.4112,100.3354,31.96,74,20,4.12
117,Koungou,YT,2022-03-09 09:01:40,-12.7336,45.2042,26.84,83,75,5.66
118,Komsomolskiy,UZ,2022-03-09 09:01:41,40.4272,71.7189,12.68,57,100,3.13
119,Panama City,PA,2022-03-09 09:00:24,8.9936,-79.5197,24.68,81,9,2.17
120,Sobolevo,RU,2022-03-09 09:01:41,54.4299,31.8996,-7.61,84,71,4.87
121,Nuuk,GL,2022-03-09 09:01:42,64.1835,-51.7216,-21.44,91,28,3.25
122,Ostrovnoy,RU,2022-03-09 09:01:42,68.0531,39.5131,-3.82,91,97,5.88
123,Ahuimanu,US,2022-03-09 09:01:42,21.4447,-157.8378,23.59,83,17,0.45
124,East London,ZA,2022-03-09 09:01:43,-33.0153,27.9116,25.28,64,2,7.44
125,Marquette,US,2022-03-09 09:01:43,46.5333,-87.6335,-2.31,91,100,3.36
126,Filadelfia,US,2022-03-09 09:01:44,39.9523,-75.1638,5.82,68,100,0.45
127,Acajutla,SV,2022-03-09 09:00:38,13.5928,-89.8275,25.21,81,16,2.96
128,Belmonte,BR,2022-03-09 09:01:44,-15.8631,-38.8828,23.0,91,23,1.52
129,Arraial Do Cabo,BR,2022-03-09 08:54:32,-22.9661,-42.0278,24.39,90,63,7.93
130,Nome,US,2022-03-09 09:01:45,64.5011,-165.4064,-9.83,86,10,4.01
131,Wangkui,CN,2022-03-09 09:01:45,46.8333,126.5,-0.15,96,100,4.73
132,Baykit,RU,2022-03-09 09:01:46,61.67,96.37,-15.71,80,100,3.87
133,Ishinomaki,JP,2022-03-09 09:01:46,38.4167,141.3,5.94,66,70,2.06
134,Mosquera,CO,2022-03-09 08:59:31,4.7059,-74.2302,8.05,93,40,1.03
135,Ribeira Grande,PT,2022-03-09 09:01:47,38.5167,-28.7,14.22,82,40,2.57
136,Bambous Virieux,MU,2022-03-09 09:01:47,-20.3428,57.7575,30.12,77,33,4.66
137,Stromness,GB,2022-03-09 09:01:48,58.965,-3.296,7.14,84,100,17.38
138,Chuy,UY,2022-03-09 09:01:48,-33.6971,-53.4616,17.49,78,100,2.33
139,Elizabeth City,US,2022-03-09 09:01:49,36.2946,-76.2511,9.01,97,100,0.45
140,Sungairaya,ID,2022-03-09 09:01:49,0.7,108.9,29.16,70,68,3.57
141,Punta Alta,AR,2022-03-09 09:01:50,-38.8759,-62.0736,19.71,32,98,6.93
142,Talnakh,RU,2022-03-09 09:01:50,69.4865,88.3972,-27.97,98,100,2.73
143,Rivadavia,AR,2022-03-09 09:01:51,-33.1905,-68.4608,19.32,84,0,1.83
144,Henties Bay,NA,2022-03-09 09:01:52,-22.116,14.2845,17.7,80,82,3.33
145,Kenai,US,2022-03-09 09:01:52,60.5544,-151.2583,-0.48,90,75,2.06
146,Bud,US,2022-03-09 09:01:53,39.447,-86.1758,2.29,83,100,1.98
147,Belyy Yar,RU,2022-03-09 09:01:53,53.6039,91.3903,-2.06,29,0,6.0
148,Sangueya,GN,2022-03-09 09:01:54,10.7,-14.3667,26.76,55,5,0.96
149,Barrow,US,2022-03-09 09:01:54,71.2906,-156.7887,-18.99,71,0,6.17
150,Forlimpopoli,IT,2022-03-09 09:01:54,44.1911,12.1287,8.82,51,39,0.45
151,Cockburn Town,TC,2022-03-09 09:01:55,21.4612,-71.1419,25.14,73,0,8.86
152,San Quintin,MX,2022-03-09 09:01:55,30.4833,-115.95,12.89,73,0,3.08
153,Dikson,RU,2022-03-09 09:01:56,73.5069,80.5464,-29.32,98,66,2.21
154,Mancio Lima,BR,2022-03-09 09:01:56,-7.6142,-72.8958,21.67,100,100,0.87
155,Ancud,CL,2022-03-09 09:01:52,-41.8697,-73.8203,10.68,76,10,5.16
156,Uglezavodsk,RU,2022-03-09 09:01:56,47.3167,142.6167,1.88,92,19,1.84
157,Vostok,RU,2022-03-09 09:01:57,46.4856,135.8833,-6.88,96,98,1.22
158,Asau,RO,2022-03-09 09:01:57,46.4333,26.4,-0.58,55,96,4.66
159,Maiduguri,NG,2022-03-09 09:01:58,11.8464,13.1603,35.46,11,96,6.2
160,Shitanjing,CN,2022-03-09 09:01:58,39.2342,106.3439,13.92,14,90,2.04
161,Chincholi,IN,2022-03-09 09:01:59,17.4667,77.4333,35.04,17,4,1.92
162,Panguna,PG,2022-03-09 09:01:59,-6.3164,155.4848,21.3,95,39,0.74
163,Meulaboh,ID,2022-03-09 09:01:59,4.1363,96.1285,29.37,68,76,3.0
164,Thinadhoo,MV,2022-03-09 09:02:00,0.5333,72.9333,28.34,67,61,3.76
165,Tual,ID,2022-03-09 09:02:00,-5.6667,132.75,28.9,70,21,1.21
166,Hobyo,SO,2022-03-09 09:02:01,5.3505,48.5268,28.82,52,15,8.17
167,Boppard,DE,2022-03-09 09:02:01,50.2308,7.5899,7.19,45,0,2.09
168,Panguipulli,CL,2022-03-09 09:02:01,-39.6333,-72.3333,4.81,99,19,1.08
169,Parabel,RU,2022-03-09 09:02:02,58.6978,81.4825,-14.72,80,100,4.27
170,Yinchuan,CN,2022-03-09 09:02:02,38.4681,106.2731,15.6,16,100,0.48
171,Katsuura,JP,2022-03-09 09:02:03,35.1333,140.3,11.06,64,100,5.47
172,Marzuq,YE,2022-03-09 09:02:03,14.4,46.4667,30.74,8,78,4.02
173,Port Barton,PH,2022-03-09 09:02:03,10.4756,119.2472,28.55,73,94,5.77
174,Jiangyou,CN,2022-03-09 09:02:04,31.7667,104.7167,25.54,33,24,2.45
175,Pisco,PE,2022-03-09 09:02:04,-13.7,-76.2167,21.78,80,100,0.89
176,Mokhotlong,LS,2022-03-09 09:02:05,-29.2894,29.0675,12.83,87,100,0.82
177,Teya,RU,2022-03-09 09:02:05,60.3778,92.6267,-15.47,81,100,4.12
178,Ongandjera,NA,2022-03-09 09:02:06,-17.8833,15.0667,28.39,38,100,3.06
179,Fairbanks,US,2022-03-09 09:02:06,64.8378,-147.7164,-7.51,98,99,0.89
180,Shinjo,JP,2022-03-09 09:02:07,38.7586,140.3008,2.23,98,92,1.19
181,Chokurdakh,RU,2022-03-09 09:02:07,70.6333,147.9167,-20.53,96,100,2.92
182,Hithadhoo,MV,2022-03-09 09:02:07,-0.6,73.0833,28.56,63,78,2.79
183,Longyearbyen,SJ,2022-03-09 09:02:08,78.2186,15.6401,-1.09,86,75,6.69
184,Sabalgarh,IN,2022-03-09 09:02:08,26.25,77.4,33.37,16,5,1.36
185,Piranhas,BR,2022-03-09 09:02:09,-16.4269,-51.8222,21.11,91,19,1.42
186,Tuktoyaktuk,CA,2022-03-09 09:02:09,69.4541,-133.0374,-26.1,98,100,4.02
187,Saldanha,ZA,2022-03-09 09:02:09,-33.0117,17.9442,21.01,77,28,4.26
188,Pacific Grove,US,2022-03-09 09:02:10,36.6177,-121.9166,10.37,85,0,0.89
189,Amberley,US,2022-03-09 09:02:10,39.2048,-84.428,3.39,77,100,0.89
190,Clyde River,CA,2022-03-09 09:02:11,70.4692,-68.5914,-21.87,77,100,7.72
191,Sitka,US,2022-03-09 09:02:11,57.0531,-135.33,-2.23,64,53,2.33
192,Airai,TL,2022-03-09 09:02:12,-8.9266,125.4092,17.87,96,100,0.68
193,Lavrentiya,RU,2022-03-09 09:02:12,65.5833,-171.0,-14.25,84,16,3.29
194,Reconquista,AR,2022-03-09 09:02:12,-29.15,-59.65,20.81,95,29,1.84
195,Yarada,IN,2022-03-09 09:02:13,17.65,83.2667,31.18,55,20,5.14
196,Padang,ID,2022-03-09 09:02:14,-0.9492,100.3543,29.37,73,98,2.76
197,Huilong,CN,2022-03-09 09:02:14,31.8111,121.655,12.26,70,0,6.18
198,Severo-Kurilsk,RU,2022-03-09 09:02:14,50.6789,156.125,-1.51,93,100,9.13
199,Klyuchi,RU,2022-03-09 09:02:15,52.2667,79.1667,-8.51,85,90,3.0
200,Xining,CN,2022-03-09 09:00:56,36.6167,101.7667,13.88,23,54,0.84
201,Hobart,AU,2022-03-09 09:00:14,-42.8794,147.3294,14.92,69,20,0.45
202,Luganville,VU,2022-03-09 09:02:16,-15.5333,167.1667,27.03,84,50,0.52
203,Beringovskiy,RU,2022-03-09 09:02:16,63.05,179.3167,-14.43,99,73,3.72
204,Guerrero Negro,MX,2022-03-09 09:02:16,27.9769,-114.0611,14.24,57,0,5.76
205,Sloboda,RU,2022-03-09 09:02:17,51.1421,40.3021,-4.61,91,100,5.04
206,Huarmey,PE,2022-03-09 09:02:17,-10.0681,-78.1522,22.66,81,100,2.42
207,Wynyard,AU,2022-03-09 09:02:18,-41.0,145.7167,15.04,71,10,1.6
208,Bonavista,CA,2022-03-09 09:02:18,48.6499,-53.1147,-1.05,87,100,19.15
209,Poum,NC,2022-03-09 09:02:19,-20.2333,164.0167,27.96,72,17,2.75
210,Manoel Urbano,BR,2022-03-09 09:02:19,-8.8389,-69.2597,21.29,99,84,0.39
211,Kropotkin,RU,2022-03-09 09:02:19,45.4375,40.5756,2.55,66,100,2.02
212,Stephenville,US,2022-03-09 09:01:49,32.2207,-98.2023,0.19,90,0,0.45
213,Ormara,PK,2022-03-09 09:02:15,25.2088,64.6357,25.02,56,5,6.05
214,Laramie,US,2022-03-09 08:59:16,41.3114,-105.5911,-6.79,76,100,0.89
215,Port Elizabeth,ZA,2022-03-09 08:57:47,-33.918,25.5701,28.94,68,0,7.2
216,Bac Lieu,VN,2022-03-09 09:02:21,9.285,105.7244,27.84,65,100,6.66
217,Bathsheba,BB,2022-03-09 09:02:21,13.2167,-59.5167,25.04,73,100,8.05
218,Salinopolis,BR,2022-03-09 09:02:22,-0.6136,-47.3561,25.32,87,100,4.28
219,Vanimo,PG,2022-03-09 09:02:22,-2.6741,141.3028,26.38,84,77,2.0
220,Manga,BF,2022-03-09 09:02:22,11.6636,-1.0731,30.28,6,29,5.96
221,Bethel,US,2022-03-09 09:02:23,41.3712,-73.414,2.78,69,100,1.23
222,Hamilton,US,2022-03-09 09:02:19,39.1834,-84.5333,3.78,77,100,0.45
223,Nicoya,CR,2022-03-09 09:00:38,10.1483,-85.452,22.42,81,6,0.73
224,Vardo,NO,2022-03-09 09:02:24,70.3705,31.1107,-1.89,74,0,7.72
225,Hambantota,LK,2022-03-09 09:02:24,6.1241,81.1185,35.19,49,20,3.6
226,Goundam,ML,2022-03-09 09:02:25,16.4145,-3.6708,23.54,9,95,6.54
227,Puruaran,MX,2022-03-09 09:02:25,19.1,-101.5333,16.8,30,0,2.1
228,Mata,PT,2022-03-09 09:02:26,40.683,-7.4592,11.63,93,100,2.28
229,Vila Velha,BR,2022-03-09 09:02:26,-20.3297,-40.2925,23.26,87,7,1.88
230,Sidney,AU,2022-03-09 09:00:34,-33.8679,151.2073,20.75,75,40,11.32
231,Kardymovo,RU,2022-03-09 09:02:27,54.8902,32.4311,-7.02,76,89,4.62
232,Kirakira,SB,2022-03-09 09:02:27,-10.4544,161.9205,27.2,80,98,1.61
233,Awbari,LY,2022-03-09 09:02:28,26.5921,12.7805,15.45,52,1,3.73
234,Hohhot,CN,2022-03-09 08:59:22,40.8106,111.6522,16.16,20,0,6.0
235,Sibolga,ID,2022-03-09 09:02:28,1.7427,98.7792,29.31,71,56,2.29
236,Jiwani,PK,2022-03-09 09:02:29,25.05,61.7417,24.91,60,64,3.87
237,Vila Franca Do Campo,PT,2022-03-09 09:02:29,37.7167,-25.4333,12.23,83,37,1.83
238,Camana,PE,2022-03-09 09:02:30,-16.6228,-72.7111,22.18,89,100,2.49
239,Lerwick,GB,2022-03-09 09:02:30,60.1545,-1.1494,8.0,86,97,16.19
240,Plettenberg Bay,ZA,2022-03-09 09:02:31,-34.0527,23.3716,27.17,57,0,2.66
241,Fortuna,US,2022-03-09 09:02:31,40.5982,-124.1573,3.99,93,15,1.42
242,Chapais,CA,2022-03-09 09:02:32,49.7834,-74.8492,-8.08,94,100,4.4
243,Dargaville,NZ,2022-03-09 09:02:32,-35.9333,173.8833,16.16,90,1,2.09
244,Porto Novo,BJ,2022-03-09 09:02:32,6.4965,2.6036,31.55,60,57,2.95
245,Isiro,CD,2022-03-09 09:02:33,2.7739,27.616,34.77,32,7,1.57
246,Thompson,CA,2022-03-09 09:02:33,55.7435,-97.8558,-24.91,84,20,2.06
247,Isangel,VU,2022-03-09 09:02:34,-19.55,169.2667,26.3,78,12,2.97
248,Kelowna,CA,2022-03-09 08:59:00,49.8831,-119.4857,0.98,37,0,4.12
249,Milkovo,RU,2022-03-09 09:02:34,54.7167,158.6167,-0.53,89,100,3.96
250,Los Llanos De Aridane,ES,2022-03-09 09:02:35,28.6585,-17.9182,15.07,74,20,2.57
251,Mwense,ZM,2022-03-09 09:02:35,-10.3845,28.698,22.06,89,100,1.86
252,Ilulissat,GL,2022-03-09 09:02:35,69.2167,-51.1,-28.52,71,35,3.27
253,Arbagar,RU,2022-03-09 09:02:36,51.9438,116.2805,2.43,75,94,7.48
254,Port Lincoln,AU,2022-03-09 09:02:36,-34.7333,135.8667,17.07,67,11,8.12
255,Skovorodino,RU,2022-03-09 09:02:37,53.9833,123.9167,-2.05,83,100,3.93
256,Hundested,DK,2022-03-09 09:02:37,55.9667,11.8667,-1.09,75,24,2.0
257,Saiha,IN,2022-03-09 09:02:38,22.4833,92.9667,33.08,14,0,2.44
258,Jinchang,CN,2022-03-09 09:02:38,38.4953,102.1739,17.04,15,2,4.91
259,Boyolangu,ID,2022-03-09 09:02:38,-8.1181,111.8935,26.75,83,99,1.75
260,Husavik,IS,2022-03-09 09:02:39,66.0449,-17.3389,2.33,88,95,9.38
261,Araouane,ML,2022-03-09 09:02:39,18.9048,-3.5265,21.4,14,98,7.33
262,North Battleford,CA,2022-03-09 09:00:35,52.7834,-108.2847,-22.0,99,67,3.03
263,Nyurba,RU,2022-03-09 09:02:40,63.2842,118.3319,-13.41,91,88,2.92
264,Luanda,AO,2022-03-09 09:02:41,-8.8368,13.2343,27.98,69,100,0.73
265,Yerbogachen,RU,2022-03-09 09:02:41,61.2767,108.0108,-4.79,96,100,2.35
266,Berlevag,NO,2022-03-09 09:02:41,70.8578,29.0864,0.59,80,100,4.58
267,Port Hedland,AU,2022-03-09 08:58:42,-20.3167,118.5667,34.03,66,100,7.2
268,Coquimbo,CL,2022-03-09 08:53:16,-29.9533,-71.3436,13.85,94,0,1.03
269,Hutchinson,US,2022-03-09 09:02:42,38.0608,-97.9298,-0.4,83,0,4.63
270,Saint-Jean-De-Braye,FR,2022-03-09 09:02:43,47.913,1.9771,9.96,81,40,4.12
271,Port Hardy,CA,2022-03-09 09:02:43,50.6996,-127.4199,4.86,88,6,2.17
272,Mogadishu,SO,2022-03-09 09:02:44,2.0371,45.3438,29.16,65,17,8.23
273,Camabatela,AO,2022-03-09 09:02:44,-8.1881,15.375,25.87,65,95,0.12
274,Kadoma,JP,2022-03-09 09:02:44,34.7333,135.5833,10.99,41,23,5.24
275,Siuna,NI,2022-03-09 09:02:45,13.7332,-84.7773,19.41,98,2,1.23
276,Mananjary,MG,2022-03-09 09:02:45,-21.2167,48.3333,28.49,74,89,2.35
277,Karratha,AU,2022-03-09 09:01:17,-20.7377,116.8463,33.34,53,18,4.32
278,Hervey Bay,AU,2022-03-09 09:02:46,-25.2986,152.8535,26.06,86,83,4.81
279,San Isidro,PE,2022-03-09 09:02:46,-12.1167,-77.05,21.39,30,100,0.45
280,Kabompo,ZM,2022-03-09 09:02:47,-13.5927,24.2008,26.35,66,76,1.44
281,Rongcheng,CN,2022-03-09 09:02:47,30.634,117.8517,22.2,43,0,0.8
282,Altay,CN,2022-03-09 09:02:47,47.8667,88.1167,2.37,66,24,1.05
283,Metro,ID,2022-03-09 09:02:48,-5.1131,105.3067,28.61,74,94,3.23
284,Dapaong,TG,2022-03-09 09:02:48,10.8639,0.205,31.35,6,8,4.96
285,Crib Point,AU,2022-03-09 09:02:10,-38.35,145.2,18.53,71,4,7.9
286,Soe,ID,2022-03-09 09:02:49,-9.8607,124.284,21.53,94,97,1.45
287,Maragogi,BR,2022-03-09 09:02:45,-9.0122,-35.2225,24.3,84,78,1.4
288,Clemson,US,2022-03-09 09:02:49,34.6834,-82.8374,12.71,92,100,2.57
289,Dubbo,AU,2022-03-09 08:58:18,-32.25,148.6167,24.07,53,53,3.6
290,Price,US,2022-03-09 09:02:50,39.5994,-110.8107,0.62,74,59,1.47
291,Constitucion,CL,2022-03-09 09:01:37,-35.3333,-72.4167,13.83,92,0,3.0
292,Kangaatsiaq,GL,2022-03-09 09:02:51,68.3065,-53.4641,-20.99,100,99,2.26
293,Nanortalik,GL,2022-03-09 09:02:51,60.1432,-45.2371,-11.62,69,88,5.35
294,Mogadouro,PT,2022-03-09 09:02:52,41.3403,-6.7119,7.66,90,99,2.52
295,Palmer,US,2022-03-09 09:02:52,42.1584,-72.3287,-0.44,77,98,0.85
296,Nishihara,JP,2022-03-09 09:02:52,26.1842,127.7558,18.6,52,20,6.17
297,Thaba-Tseka,LS,2022-03-09 09:02:53,-29.522,28.6084,13.04,83,100,1.73
298,Senador Guiomard,BR,2022-03-09 09:02:53,-10.1522,-67.7392,22.86,95,100,1.04
299,Buritizeiro,BR,2022-03-09 09:02:54,-17.3511,-44.9622,18.19,87,35,0.88
300,Pechory,RU,2022-03-09 09:02:54,57.8164,27.6119,-5.3,67,16,2.94
301,Aykhal,RU,2022-03-09 09:02:54,66.0,111.5,-15.7,96,100,6.71
302,Kashi,CN,2022-03-09 09:02:55,39.4547,75.9797,16.89,14,18,2.75
303,Camacari,BR,2022-03-09 09:01:00,-12.6975,-38.3242,24.87,92,5,0.52
304,Santa Cruz De La Palma,ES,2022-03-09 09:02:55,28.6835,-17.7642,17.3,67,20,2.57
305,Vestmannaeyjar,IS,2022-03-09 09:02:56,63.4427,-20.2734,4.55,81,20,4.12
306,Tasiilaq,GL,2022-03-09 09:02:56,65.6145,-37.6368,-6.91,94,100,4.0
307,Scarborough,GB,2022-03-09 08:58:22,54.2797,-0.4044,7.82,86,92,2.24
308,Heyang,CN,2022-03-09 09:02:57,26.1011,107.473,18.78,60,65,3.28
309,Mopipi,BW,2022-03-09 09:02:57,-21.1833,24.8833,26.96,45,99,6.01
310,Peterhead,GB,2022-03-09 09:02:58,57.5058,-1.7981,7.29,86,100,14.28
311,Yeppoon,AU,2022-03-09 09:02:58,-23.1333,150.7333,28.88,79,42,5.07
312,Belaya Gora,RU,2022-03-09 09:02:59,68.5333,146.4167,-25.72,100,100,2.13
313,Taoudenni,ML,2022-03-09 09:02:59,22.6783,-3.9836,22.25,17,91,9.24
314,Birnin Kebbi,NG,2022-03-09 09:02:59,12.4539,4.1975,31.81,6,12,5.6
315,Ejby,DK,2022-03-09 09:03:00,55.4858,12.0817,-1.16,100,100,0.51
316,Egvekinot,RU,2022-03-09 09:03:00,66.3167,-179.1667,-10.68,79,1,4.93
317,San Patricio,US,2022-03-09 09:03:01,28.017,-97.5169,9.35,80,100,5.02
318,Jacareacanga,BR,2022-03-09 09:03:01,-6.2222,-57.7528,21.57,100,100,0.66
319,Coaticook,CA,2022-03-09 09:03:02,45.1334,-71.7991,-6.7,90,100,2.14
320,Culiacan,MX,2022-03-09 09:03:02,24.7994,-107.3897,10.91,75,0,0.59
321,Nhulunbuy,AU,2022-03-09 09:03:03,-12.2333,136.7667,31.34,66,95,3.6
322,Brae,GB,2022-03-09 09:03:03,60.3964,-1.353,7.95,85,97,14.8
323,Talaya,RU,2022-03-09 09:03:04,61.3833,152.75,-13.52,96,100,1.53
324,Elmadag,TR,2022-03-09 09:03:04,39.9208,33.2308,0.92,58,28,2.98
325,Lake Havasu City,US,2022-03-09 08:59:21,34.4839,-114.3224,13.39,19,0,1.34
326,Wattegama,LK,2022-03-09 09:03:05,6.7989,81.4808,34.51,42,53,4.7
327,Cabo San Lucas,MX,2022-03-09 09:01:52,22.8909,-109.9124,18.62,74,77,2.45
328,Lima,PE,2022-03-09 09:03:06,-12.0432,-77.0282,20.77,30,100,2.97
329,Mahon,ES,2022-03-09 09:03:06,39.8885,4.2658,12.31,71,75,3.6
330,Blagoyevo,RU,2022-03-09 09:03:07,63.3667,47.9167,-12.82,81,100,3.29
331,Samarai,PG,2022-03-09 09:03:07,-10.6167,150.6667,29.17,75,37,4.8
332,Khandyga,RU,2022-03-09 09:03:07,62.6667,135.6,-18.85,96,100,0.1
333,Mitrofanovka,RU,2022-03-09 09:03:08,49.9708,39.6939,-3.77,91,100,3.75
334,Srednekolymsk,RU,2022-03-09 09:03:08,67.45,153.6833,-20.94,98,100,1.78
335,Port Blair,IN,2022-03-09 09:03:09,11.6667,92.75,29.25,70,79,5.81
336,Tigil,RU,2022-03-09 09:03:09,57.8,158.6667,-1.15,72,100,8.18
337,Sambava,MG,2022-03-09 09:03:10,-14.2667,50.1667,29.6,70,92,3.44
338,Yanam,IN,2022-03-09 09:03:10,16.7333,82.2167,33.22,38,0,4.24
339,Sergeyevka,KZ,2022-03-09 09:03:11,53.88,67.4158,-9.81,81,99,3.39
340,Alofi,NU,2022-03-09 09:03:11,-19.0595,-169.9187,26.0,78,100,2.62
341,Altamira,BR,2022-03-09 08:59:57,-3.2033,-52.2064,22.3,100,99,0.07
342,Njeru,UG,2022-03-09 09:03:12,0.4186,33.1731,29.6,42,42,2.86
343,Korla,CN,2022-03-09 09:03:12,41.7597,86.1469,15.98,19,39,2.9
344,Maun,BW,2022-03-09 09:03:12,-19.9833,23.4167,24.88,67,98,3.44
345,Minsk,BY,2022-03-09 08:59:30,53.9,27.5667,-4.14,66,22,4.15
346,Cachoeira Do Sul,BR,2022-03-09 09:03:13,-30.0392,-52.8939,19.51,85,100,3.03
347,Kahului,US,2022-03-09 09:03:13,20.8947,-156.47,20.54,84,53,3.9
348,Acapulco,MX,2022-03-09 09:03:14,16.8634,-99.8901,22.75,72,22,2.46
349,Ambilobe,MG,2022-03-09 09:03:14,-13.2,49.05,28.52,80,99,2.03
350,Stepnyak,KZ,2022-03-09 09:03:15,52.8339,70.7803,-11.06,90,100,3.42
351,Antofagasta,CL,2022-03-09 09:02:05,-23.65,-70.4,19.33,86,40,1.24
352,Tarko-Sale,RU,2022-03-09 09:03:15,64.9225,77.785,-22.77,89,94,6.79
353,Luige,EE,2022-03-09 09:03:16,59.327,24.7752,-2.19,86,100,4.12
354,Qujing,CN,2022-03-09 09:03:16,25.4833,103.7833,25.1,20,0,7.85
355,Rutland,US,2022-03-09 09:03:17,43.6167,-73.0162,-2.93,81,0,2.57
356,Beira,MZ,2022-03-09 09:03:17,-19.8436,34.8389,29.05,70,75,5.66
357,Ginir,ET,2022-03-09 09:03:17,7.1333,40.7,25.43,25,72,3.77
358,Praia Da Vitoria,PT,2022-03-09 09:03:18,38.7333,-27.0667,12.09,88,59,1.87
359,Lagoa,PT,2022-03-09 09:03:18,39.05,-27.9833,13.98,77,46,3.68
360,Comodoro Rivadavia,AR,2022-03-09 09:03:19,-45.8667,-67.5,11.45,50,85,11.14
361,Ballina,AU,2022-03-09 09:03:19,-28.8667,153.5667,22.66,99,86,7.73
362,Akdepe,TM,2022-03-09 09:03:20,42.0551,59.3788,11.0,38,11,1.05
363,Senneterre,CA,2022-03-09 09:03:20,48.3835,-77.2328,-10.88,94,100,4.09
364,Dwarka,IN,2022-03-09 09:03:20,22.2394,68.9678,30.16,31,0,4.08
365,Todos Santos,MX,2022-03-09 09:03:21,23.45,-110.2167,18.34,83,8,2.91
366,Saurimo,AO,2022-03-09 09:03:21,-9.6608,20.3916,25.91,65,100,0.77
367,Trelew,AR,2022-03-09 09:03:22,-43.249,-65.3051,13.19,36,8,13.21
368,Mount Gambier,AU,2022-03-09 09:03:22,-37.8333,140.7667,15.31,77,4,5.06
369,Gat,IL,2022-03-09 09:03:23,31.61,34.7642,21.89,100,52,4.07
370,Oksfjord,NO,2022-03-09 09:03:23,70.2396,22.3479,1.51,69,100,4.43
371,Chumikan,RU,2022-03-09 09:03:24,54.7183,135.315,-8.87,91,89,1.6
372,Beipiao,CN,2022-03-09 09:03:24,41.7919,120.7792,11.58,28,100,8.25
373,Trairi,BR,2022-03-09 09:03:24,-3.2778,-39.2689,23.64,92,75,2.61
374,Maceio,BR,2022-03-09 09:00:54,-9.6658,-35.7353,23.69,88,40,1.03
375,Amot,NO,2022-03-09 09:03:25,59.5714,7.9877,-6.99,63,4,0.53
376,Puerto Rondon,CO,2022-03-09 09:03:25,6.2805,-71.1,26.42,56,100,2.98
377,Te Anau,NZ,2022-03-09 09:03:26,-45.4167,167.7167,15.18,92,100,0.77
378,Wuwei,CN,2022-03-09 09:03:26,37.9281,102.6414,17.51,14,28,4.6
379,Hofn,IS,2022-03-09 09:03:14,64.2539,-15.2082,6.01,81,100,19.03
380,Souillac,MU,2022-03-09 09:03:27,-20.5167,57.5167,30.2,77,62,4.4
381,Naryan-Mar,RU,2022-03-09 09:03:27,67.6713,53.087,-18.49,92,61,2.03
382,Tamasopo,MX,2022-03-09 09:03:28,21.9333,-99.4833,14.22,94,100,1.17
383,Geraldton,AU,2022-03-09 09:03:28,-28.7667,114.6,36.23,19,100,9.77
384,Lichinga,MZ,2022-03-09 09:03:28,-13.3128,35.2406,21.18,84,100,0.76
385,Ponta Do Sol,PT,2022-03-09 09:03:29,32.6667,-17.1,16.51,69,7,2.57
386,Krems,AT,2022-03-09 09:03:29,48.4092,15.6142,6.49,53,20,0.45
387,Karaton,ID,2022-03-09 09:03:30,-6.3424,106.1045,27.09,78,84,2.45
388,Adrar,MR,2022-03-09 09:03:30,20.5022,-10.0711,19.88,14,60,5.91
389,Igarka,RU,2022-03-09 09:03:31,67.4667,86.5833,-25.13,92,100,4.16
390,Muroto,JP,2022-03-09 09:03:31,33.2833,134.15,11.57,56,8,2.45
391,Rocha,UY,2022-03-09 09:01:13,-34.4833,-54.3333,14.39,86,100,2.37
392,Nobeoka,JP,2022-03-09 09:03:32,32.5833,131.6667,11.52,59,17,0.87
393,Neuquen,AR,2022-03-09 09:03:33,-38.9516,-68.0591,13.86,29,96,8.66
394,Alta Floresta,BR,2022-03-09 08:59:56,-9.8756,-56.0861,20.95,99,100,0.94
395,Llangefni,GB,2022-03-09 09:03:33,53.2556,-4.3106,9.29,74,75,13.89
396,Jalu,LY,2022-03-09 09:03:33,29.0331,21.5482,16.34,56,1,6.45
397,Ucluelet,CA,2022-03-09 09:00:10,48.9329,-125.5528,2.83,82,32,2.77
398,Ngunguru,NZ,2022-03-09 09:03:34,-35.6167,174.5,18.98,69,20,5.2
399,Saint-Louis,SN,2022-03-09 09:03:35,16.3333,-15.0,23.31,11,64,4.41
400,Tazovskiy,RU,2022-03-09 09:03:35,67.4667,78.7,-26.22,94,41,5.45
401,Payo,ID,2022-03-09 09:03:35,-3.7508,103.6372,29.6,69,87,1.31
402,Mount Isa,AU,2022-03-09 09:03:36,-20.7333,139.5,35.87,17,40,4.12
403,Inhambane,MZ,2022-03-09 09:03:36,-23.865,35.3833,29.31,57,8,4.72
404,Aripuana,BR,2022-03-09 09:02:49,-9.1667,-60.6333,21.28,100,100,0.47
405,Pilkhuwa,IN,2022-03-09 09:03:37,28.7167,77.65,30.08,13,2,4.65
406,Massakory,TD,2022-03-09 09:03:37,12.996,15.7293,35.71,8,12,8.35
407,Amuntai,ID,2022-03-09 09:03:38,-2.4177,115.2494,27.73,91,97,0.81
408,Bereda,ES,2022-03-09 09:03:38,43.2686,-7.5406,10.51,79,100,3.54
409,Lerma,ES,2022-03-09 09:03:39,42.0261,-3.7598,5.48,77,99,3.78
410,Puerto Del Rosario,ES,2022-03-09 09:03:39,28.5004,-13.8627,17.86,77,20,3.09
411,Beian,NO,2022-03-09 09:03:39,63.6559,9.5683,4.05,60,0,9.77
412,Wairoa,NZ,2022-03-09 09:03:40,-39.0333,177.3667,18.67,88,0,1.96
413,Alness,GB,2022-03-09 09:03:40,57.696,-4.2551,10.61,66,100,9.3
414,Juegang,CN,2022-03-09 09:03:41,32.3174,121.1855,13.4,59,0,5.75
415,The Valley,AI,2022-03-09 09:00:07,18.217,-63.0578,25.05,76,2,10.5
416,Sonoita,MX,2022-03-09 09:03:41,31.85,-112.8333,7.52,19,0,1.85
417,Ojinaga,MX,2022-03-09 09:03:42,29.5667,-104.4167,9.67,31,0,4.63
418,Agirish,RU,2022-03-09 09:03:42,61.9247,63.0231,-15.64,77,99,1.0
419,Dossor,KZ,2022-03-09 09:03:43,47.5272,52.9811,7.54,55,100,7.03
420,Raudeberg,NO,2022-03-09 09:03:43,61.9875,5.1352,9.88,35,100,8.87
421,Baherden,TM,2022-03-09 09:03:43,38.4362,57.4316,18.63,38,22,3.42
422,Iroquois Falls,CA,2022-03-09 09:03:44,48.7669,-80.6831,-4.88,89,100,4.69
423,Claresholm,CA,2022-03-09 09:00:39,50.0333,-113.5852,-13.54,89,99,5.5
424,Pyshma,RU,2022-03-09 09:03:44,56.9523,63.2513,-9.86,79,100,1.92
425,Olafsvik,IS,2022-03-09 09:03:45,64.8945,-23.7142,2.41,86,100,3.27
426,Kabare,CD,2022-03-09 09:03:45,-2.4683,28.8242,24.96,56,97,1.35
427,Marsh Harbour,BS,2022-03-09 09:03:46,26.5412,-77.0636,23.46,81,0,7.54
428,Pevek,RU,2022-03-09 09:03:46,69.7008,170.3133,-17.95,99,77,1.26
429,Baruun-Urt,MN,2022-03-09 09:03:47,46.6806,113.2792,6.22,45,2,5.4
430,Sioux Lookout,CA,2022-03-09 09:03:47,50.1001,-91.917,-12.79,94,100,4.54
431,Shanhetun,CN,2022-03-09 09:03:47,44.7,127.2,0.97,84,100,3.17
432,Houma,US,2022-03-09 08:58:58,29.5958,-90.7195,13.0,93,99,3.13
433,Havre-Saint-Pierre,CA,2022-03-09 09:03:48,50.2334,-63.5986,-12.97,82,0,5.87
434,Angatuba,BR,2022-03-09 09:03:49,-23.4897,-48.4128,19.14,97,95,2.94
435,Moundou,TD,2022-03-09 09:03:49,8.5667,16.0833,38.42,9,100,2.33
436,Duku,NG,2022-03-09 09:03:49,11.2361,4.9073,33.37,7,65,4.4
437,La Brea,HN,2022-03-09 09:03:50,15.8,-85.9667,21.69,89,0,1.71
438,Damavand,IR,2022-03-09 09:03:50,35.7178,52.065,7.91,31,100,2.72
439,Sembe,CG,2022-03-09 09:03:51,1.6481,14.5806,29.83,56,100,1.88
440,Sabha,LY,2022-03-09 09:03:51,27.0377,14.4283,15.29,53,4,5.02
441,Lata,PT,2022-03-09 09:03:52,40.1629,-8.3327,13.36,83,73,3.45
442,Itarema,BR,2022-03-09 09:03:52,-2.9248,-39.9167,24.59,89,78,3.64
443,Lyubashivka,UA,2022-03-09 09:03:52,47.8372,30.2598,-1.27,71,100,6.03
444,Benghazi,LY,2022-03-09 09:03:53,32.1167,20.0667,14.38,52,78,8.84
445,Biak,ID,2022-03-09 09:03:53,-0.9131,122.8766,27.75,75,39,0.36
446,Aklavik,CA,2022-03-09 09:03:54,68.2191,-135.0107,-16.31,97,100,4.09
447,Kochki,RU,2022-03-09 09:03:54,54.3358,80.4806,-14.47,85,65,1.9
448,Twentynine Palms,US,2022-03-09 08:58:57,34.1356,-116.0542,12.21,26,0,1.34
449,Grindavik,IS,2022-03-09 09:03:55,63.8424,-22.4338,3.26,87,75,0.51
450,Werda,BW,2022-03-09 09:03:55,-25.2667,23.2833,25.05,59,25,4.39
451,Buin,CL,2022-03-09 09:03:55,-33.7333,-70.75,12.92,53,0,1.65
452,Misratah,LY,2022-03-09 09:03:56,32.3754,15.0925,14.12,50,8,9.73
453,Pauini,BR,2022-03-09 09:03:56,-7.7136,-66.9764,21.25,99,93,0.47
454,Tamandare,BR,2022-03-09 09:03:57,-8.7597,-35.1047,24.28,85,57,1.24
455,Parelhas,BR,2022-03-09 09:03:16,-6.6878,-36.6575,22.8,83,85,2.32
456,Manaure,CO,2022-03-09 09:03:57,11.7751,-72.4445,24.38,80,0,4.7
457,Bongandanga,CD,2022-03-09 09:03:58,1.5,21.05,31.72,51,100,1.29
458,Kurilsk,RU,2022-03-09 09:03:58,45.2333,147.8833,-5.88,85,13,2.14
459,Cody,US,2022-03-09 09:03:59,44.5263,-109.0565,-12.84,73,100,4.63
460,Mindelo,CV,2022-03-09 09:03:59,16.8901,-24.9804,20.75,60,40,11.83
461,Hualmay,PE,2022-03-09 09:04:00,-11.0964,-77.6139,22.19,83,100,3.36
462,Saint-Joseph,RE,2022-03-09 09:04:00,-21.3667,55.6167,30.21,79,30,1.99
463,Leningradskiy,RU,2022-03-09 09:04:01,69.3833,178.4167,-16.86,94,15,3.09
464,Borogontsy,RU,2022-03-09 09:04:01,62.6683,131.1683,-18.14,98,100,0.92
465,Maragheh,IR,2022-03-09 09:04:02,37.3917,46.2398,8.54,50,97,7.8
466,Tabory,RU,2022-03-09 09:04:02,58.5198,64.5495,-12.69,79,90,1.75
467,Versmold,DE,2022-03-09 09:04:02,52.05,8.15,9.17,44,11,3.04
468,Coihaique,CL,2022-03-09 09:04:03,-45.5752,-72.0662,6.34,96,38,3.47
469,Coromandel,BR,2022-03-09 09:03:57,-18.4733,-47.2003,16.61,82,11,1.8
470,Ambulu,ID,2022-03-09 09:04:03,-8.345,113.6058,26.37,87,100,1.1
471,Kumphawapi,TH,2022-03-09 09:04:04,17.1087,103.0149,33.83,31,6,0.78
472,Yumen,CN,2022-03-09 09:04:04,40.2833,97.2,18.03,12,1,5.46
473,Ranir Bazar,IN,2022-03-09 09:04:05,23.8333,91.3667,32.95,46,1,3.09
474,Malaga,ES,2022-03-09 09:04:06,36.7202,-4.4203,16.5,71,20,3.09
475,Leesburg,US,2022-03-09 09:02:22,39.1157,-77.5636,6.64,73,100,2.8
476,Ulladulla,AU,2022-03-09 08:58:56,-35.35,150.4667,19.5,72,14,7.82
477,Margate,GB,2022-03-09 09:04:06,51.3813,1.3862,9.93,76,52,3.58
478,Chemal,RU,2022-03-09 09:04:07,51.4111,86.005,-1.53,67,87,1.66
479,Port-Gentil,GA,2022-03-09 09:01:14,-0.7193,8.7815,28.21,78,100,5.43
480,Luanshya,ZM,2022-03-09 09:04:07,-13.1367,28.4166,23.56,80,66,2.25
481,Rio Gallegos,AR,2022-03-09 09:04:08,-51.6226,-69.2181,7.23,78,100,14.7
482,Hailey,US,2022-03-09 09:04:08,43.5196,-114.3153,-2.08,74,40,1.54
483,Banyo,CM,2022-03-09 09:04:09,6.75,11.8167,32.42,30,51,1.3
484,Kavaratti,IN,2022-03-09 09:04:09,10.5669,72.642,28.22,69,96,3.42
485,Alto Araguaia,BR,2022-03-09 09:04:09,-17.3147,-53.2153,19.47,91,22,1.13
486,Bekovo,RU,2022-03-09 09:04:10,52.4663,43.712,-6.98,86,100,6.46
487,Hit,IQ,2022-03-09 09:04:10,33.6416,42.8251,22.81,26,59,8.69
488,Shingu,JP,2022-03-09 09:04:11,33.7333,135.9833,8.96,69,53,0.91
489,Viransehir,TR,2022-03-09 09:04:11,37.2353,39.7631,8.79,89,100,4.76
490,Berezovka,BY,2022-03-09 09:04:12,53.7214,25.4993,-1.14,46,12,3.46
491,Kiryas Joel,US,2022-03-09 09:04:12,41.342,-74.1679,3.23,76,0,0.0
492,Saint-Augustin,CA,2022-03-09 09:04:13,51.226,-58.6502,-7.95,75,100,10.07
493,Balkhash,KZ,2022-03-09 09:04:13,46.844,74.9804,3.34,60,0,7.0
494,Nyzy,UA,2022-03-09 09:04:14,50.7828,34.7844,-3.09,80,100,6.01
495,Ugoofaaru,MV,2022-03-09 09:04:14,5.6667,73.0,28.12,72,21,4.71
496,Kyrylivka,UA,2022-03-09 09:04:15,46.3759,35.3675,1.79,57,30,2.75
497,Dunedin,NZ,2022-03-09 09:04:15,-45.8742,170.5036,14.33,87,100,3.58
498,Usinsk,RU,2022-03-09 09:04:15,65.9939,57.5281,-15.4,84,100,4.24
499,Veraval,IN,2022-03-09 09:04:16,20.9,70.3667,29.72,43,0,4.36
500,Grand Gaube,MU,2022-03-09 09:04:16,-20.0064,57.6608,30.21,76,29,2.68
501,Touros,BR,2022-03-09 09:04:17,-5.1989,-35.4608,24.5,88,67,3.15
502,Pareora,NZ,2022-03-09 09:04:17,-44.4871,171.2132,14.87,90,94,1.5
503,Mariel,CU,2022-03-09 09:04:17,22.9875,-82.7536,20.08,90,69,3.28
504,Narsaq,GL,2022-03-09 09:04:18,60.9167,-46.05,-15.88,68,5,3.59
505,Andros Town,BS,2022-03-09 09:04:18,24.7,-77.7667,23.98,80,3,7.22
506,Saint Anthony,US,2022-03-09 09:04:19,45.0205,-93.218,-5.89,71,100,6.69
507,Traralgon,AU,2022-03-09 09:00:10,-38.1833,146.5333,16.06,80,57,1.33
508,Victor Harbor,AU,2022-03-09 09:04:20,-35.5667,138.6167,19.95,79,31,1.79
509,Sabang,ID,2022-03-09 09:04:20,5.8933,95.3214,27.94,70,79,1.92
510,Tagusao,PH,2022-03-09 09:04:20,9.1924,117.8141,24.93,91,100,1.55
511,Pitea,SE,2022-03-09 09:04:21,65.3172,21.4794,-2.73,94,100,4.08
512,Ferry Pass,US,2022-03-09 09:04:21,30.5102,-87.2125,22.17,98,24,3.06
513,Pemberton,CA,2022-03-09 09:04:22,50.3164,-122.8027,-9.2,93,22,0.36
514,Bartica,GY,2022-03-09 09:04:23,6.4,-58.6167,22.58,99,98,0.71
515,Upington,ZA,2022-03-09 09:04:23,-28.4478,21.2561,28.24,44,0,4.99
516,Dudinka,RU,2022-03-09 09:04:23,69.4058,86.1778,-32.83,97,79,1.43
517,Rzeszow,PL,2022-03-09 09:02:00,50.0413,21.999,1.3,86,100,0.51
518,Nizhneudinsk,RU,2022-03-09 09:04:24,54.9076,99.0276,-5.68,71,100,4.1
519,Kestel,TR,2022-03-09 09:04:24,40.1983,29.2124,4.71,70,78,3.1
520,Caldono,CO,2022-03-09 09:00:31,2.7974,-76.4832,12.26,92,62,1.79
521,Providencia,MX,2022-03-09 09:04:25,28.7167,-111.5833,11.03,54,0,2.63
522,Kayerkan,RU,2022-03-09 09:04:25,69.3497,87.7602,-28.52,96,99,1.57
523,Moose Factory,CA,2022-03-09 09:04:26,51.2585,-80.6094,-2.01,93,100,5.14
524,Pictou,CA,2022-03-09 09:04:26,45.6834,-62.7153,-6.8,75,6,7.22
525,Bonthe,SL,2022-03-09 09:04:27,7.5264,-12.505,27.39,76,32,2.47
526,Champerico,GT,2022-03-09 09:00:37,14.3,-91.9167,27.97,77,6,3.16
527,Bac,RS,2022-03-09 09:04:27,45.3919,19.2367,3.0,53,100,3.9
528,Marawi,PH,2022-03-09 09:04:28,7.9986,124.2928,21.47,94,100,1.14
529,Abdanan,IR,2022-03-09 09:04:28,32.9926,47.4198,18.65,34,51,4.09
530,Faya,SA,2022-03-09 09:04:28,18.3851,42.4509,25.29,29,20,3.77
531,Petatlan,MX,2022-03-09 09:04:29,17.5167,-101.2667,20.61,66,2,1.71
532,Bose,IT,2022-03-09 09:04:29,45.4612,8.0137,6.23,67,5,1.46
533,Hanstholm,DK,2022-03-09 09:04:30,57.1167,8.6167,3.68,67,7,5.63
534,Mayo,US,2022-03-09 09:04:30,38.8876,-76.5119,7.27,84,100,3.09
535,Chicama,PE,2022-03-09 09:04:30,-7.8447,-79.1469,22.96,75,100,1.09
536,Seinajoki,FI,2022-03-09 09:02:33,62.7945,22.8282,-2.59,65,100,4.63
537,Hami,CN,2022-03-09 09:04:31,42.8,93.45,16.46,18,52,3.4
538,Luwuk,ID,2022-03-09 09:04:32,-0.9516,122.7875,28.44,82,49,0.55
539,Anage,BR,2022-03-09 09:04:32,-14.6122,-41.1356,19.05,97,7,0.93
540,Turukhansk,RU,2022-03-09 09:04:33,65.8167,87.9833,-19.98,92,100,3.6
541,Kruisfontein,ZA,2022-03-09 09:04:33,-34.0033,24.7314,27.71,43,0,3.59
542,Naze,JP,2022-03-09 09:04:34,28.3667,129.4833,14.49,58,2,5.42
543,Paamiut,GL,2022-03-09 09:03:14,61.994,-49.6678,-17.32,83,7,3.71
544,Yamada,JP,2022-03-09 09:04:34,39.4667,141.95,3.36,80,97,0.87
545,Kismayo,SO,2022-03-09 09:04:35,-0.3582,42.5454,29.63,62,59,6.81
546,Albacete,ES,2022-03-09 09:04:35,38.8333,-2.0,8.99,87,0,0.0
547,Jizan,SA,2022-03-09 09:04:36,17.3333,42.6667,33.33,37,46,5.19
548,Yazd,IR,2022-03-09 09:04:36,31.8972,54.3675,23.06,18,20,5.14
549,Russkaya Polyana,UA,2022-03-09 09:04:37,49.417,31.9201,-1.0,71,99,6.92
550,Fenoarivo,MG,2022-03-09 09:04:37,-18.933,47.4354,25.04,65,75,4.63
551,Nizhniy Baskunchak,RU,2022-03-09 09:04:38,48.2198,46.8311,0.77,87,22,4.95
552,Deniliquin,AU,2022-03-09 09:04:38,-35.5333,144.9667,21.11,34,0,5.26
553,Porto Nacional,BR,2022-03-09 09:03:37,-10.7081,-48.4172,24.0,93,100,0.07
554,Arandis,NA,2022-03-09 09:04:39,-22.4167,14.9667,14.7,49,8,2.64
555,Front Royal,US,2022-03-09 09:04:39,38.9182,-78.1944,5.95,97,100,1.43
556,Sisimiut,GL,2022-03-09 09:04:40,66.9395,-53.6735,-20.7,97,100,1.99
557,Balta,UA,2022-03-09 09:04:40,47.9355,29.6198,-0.81,69,100,5.97
558,Kudahuvadhoo,MV,2022-03-09 09:04:41,2.6708,72.8944,28.22,68,13,4.91
559,Pontianak,ID,2022-03-09 09:04:41,-0.0333,109.3333,32.99,55,75,7.2
560,Westport,US,2022-03-09 09:04:42,41.1415,-73.3579,4.43,70,0,3.09
561,Abeokuta,NG,2022-03-09 09:00:47,7.15,3.35,31.4,59,84,2.06
562,Along,IN,2022-03-09 09:04:42,28.1667,94.7667,32.4,17,0,1.2
563,Dalvik,IS,2022-03-09 09:04:43,65.9702,-18.5286,2.02,89,99,5.87
564,La Palma,US,2022-03-09 09:04:43,33.8464,-118.0467,14.97,70,0,3.09
565,Avera,US,2022-03-09 09:04:43,33.194,-82.5271,14.97,96,30,1.43
566,Shush,IR,2022-03-09 09:04:44,32.1942,48.2436,26.01,26,66,3.59
567,Doka,SD,2022-03-09 09:04:44,13.5167,35.7667,39.32,10,99,3.32
568,Santa Maria,BR,2022-03-09 09:04:45,-29.6842,-53.8069,19.69,92,100,2.87
569,Mareeba,AU,2022-03-09 09:04:45,-17.0,145.4333,27.49,85,99,1.46
570,Bulgan,MN,2022-03-09 09:04:45,48.8125,103.5347,1.97,51,1,2.28
571,Anadyr,RU,2022-03-09 09:04:46,64.75,177.4833,-15.64,98,55,0.91
572,Iskateley,RU,2022-03-09 09:04:46,67.6803,53.1512,-18.48,93,65,2.02
573,Mehamn,NO,2022-03-09 09:04:47,71.0357,27.8492,-0.05,80,0,5.66
574,Fort Nelson,CA,2022-03-09 09:04:31,58.8053,-122.7002,-24.25,100,45,1.41
575,Jacmel,HT,2022-03-09 09:04:47,18.2342,-72.5347,23.01,78,3,0.9
576,Huadian,CN,2022-03-09 09:04:48,42.9633,126.7478,-0.58,92,99,1.05
577,Abha,SA,2022-03-09 09:04:48,18.2164,42.5053,25.14,21,0,6.69
578,Leirvik,NO,2022-03-09 09:04:49,59.7798,5.5005,8.23,42,0,8.75
579,Rosetta,EG,2022-03-09 09:04:49,31.4044,30.4164,16.15,66,12,6.13
580,Waingapu,ID,2022-03-09 09:04:50,-9.6567,120.2641,28.21,77,100,3.37
581,Cam Ranh,VN,2022-03-09 09:04:50,11.9214,109.1591,26.98,57,0,10.29
582,Aksu,CN,2022-03-09 09:04:50,41.1231,80.2644,16.13,19,96,0.72
583,Grand-Santi,GF,2022-03-09 09:04:51,4.25,-54.3833,21.72,100,99,0.36
